customer_id,email,signup_date,name
c0001,user0001@cohort01.example,2026-01-21,Customer c0001
c0002,user0002@cohort01.example,2026-01-24,Customer c0002
c0003,user0003@cohort01.example,2026-01-08,Customer c0003
c0004,user0004@cohort01.example,2026-01-04,Customer c0004
c0005,user0005@cohort01.example,2026-01-18,Customer c0005
c0006,user0006@cohort01.example,2026-01-14,Customer c0006
c0007,user0007@cohort01.example,2026-01-03,Customer c0007
c0008,user0008@cohort01.example,2026-01-17,Customer c0008
c0009,user0009@cohort01.example,2026-01-18,Customer c0009
c0010,user0010@cohort01.example,2026-01-21,Customer c0010
c0011,user0011@cohort01.example,2026-01-14,Customer c0011
c0012,user0012@cohort01.example,2026-01-19,Customer c0012
c0013,user0013@cohort01.example,2026-01-28,Customer c0013
c0014,user0014@cohort01.example,2026-01-26,Customer c0014
c0015,user0015@cohort01.example,2026-01-14,Customer c0015
c0016,user0016@cohort01.example,2026-01-05,Customer c0016
c0017,user0017@cohort01.example,2026-01-25,Customer c0017
c0018,user0018@cohort01.example,2026-01-03,Customer c0018
c0019,user0019@cohort01.example,2026-01-12,Customer c0019
c0020,user0020@cohort01.example,2026-01-20,Customer c0020
c0021,user0021@cohort01.example,2026-01-02,Customer c0021
c0022,user0022@cohort01.example,2026-01-18,Customer c0022
c0023,user0023@cohort01.example,2026-01-13,Customer c0023
c0024,user0024@cohort01.example,2026-01-10,Customer c0024
c0025,user0025@cohort01.example,2026-01-20,Customer c0025
c0026,user0026@cohort01.example,2026-01-12,Customer c0026
c0027,user0027@cohort01.example,2026-01-23,Customer c0027
c0028,user0028@cohort01.example,2026-01-22,Customer c0028
c0029,user0029@cohort01.example,2026-01-10,Customer c0029
c0030,user0030@cohort01.example,2026-01-28,Customer c0030
c0031,user0031@cohort01.example,2026-01-04,Customer c0031
c0032,user0032@cohort01.example,2026-01-15,Customer c0032
c0033,user0033@cohort01.example,2026-01-12,Customer c0033
c0034,user0034@cohort01.example,2026-01-12,Customer c0034
c0035,user0035@cohort01.example,2026-01-09,Customer c0035
c0036,user0036@cohort01.example,2026-01-22,Customer c0036
c0037,user0037@cohort01.example,2026-01-20,Customer c0037
c0038,user0038@cohort01.example,2026-01-18,Customer c0038
c0039,user0039@cohort01.example,2026-01-06,Customer c0039
c0040,user0040@cohort01.example,2026-01-09,Customer c0040
c0041,user0041@cohort01.example,2026-01-21,Customer c0041
c0042,user0042@cohort01.example,2026-01-08,Customer c0042
c0043,user0043@cohort01.example,2026-01-27,Customer c0043
c0044,user0044@cohort01.example,2026-01-02,Customer c0044
c0045,user0045@cohort01.example,2026-01-02,Customer c0045
c0046,user0046@cohort01.example,2026-01-13,Customer c0046
c0047,user0047@cohort01.example,2026-01-07,Customer c0047
c0048,user0048@cohort01.example,2026-01-19,Customer c0048
c0049,user0049@cohort01.example,2026-01-11,Customer c0049
c0050,user0050@cohort01.example,2026-01-16,Customer c0050
c0051,user0051@cohort01.example,2026-01-21,Customer c0051
c0052,user0052@cohort01.example,2026-01-09,Customer c0052
c0053,user0053@cohort01.example,2026-01-24,Customer c0053
c0054,user0054@cohort01.example,2026-01-09,Customer c0054
c0055,user0055@cohort01.example,2026-01-14,Customer c0055
c0056,user0056@cohort01.example,2026-01-13,Customer c0056
c0057,user0057@cohort01.example,2026-01-05,Customer c0057
c0058,user0058@cohort01.example,2026-01-03,Customer c0058
c0059,user0059@cohort01.example,2026-01-28,Customer c0059
c0060,user0060@cohort01.example,2026-01-21,Customer c0060
c0061,user0061@cohort01.example,2026-01-22,Customer c0061
c0062,user0062@cohort01.example,2026-01-03,Customer c0062
c0063,user0063@cohort01.example,2026-01-20,Customer c0063
c0064,user0064@cohort01.example,2026-01-17,Customer c0064
c0065,user0065@cohort01.example,2026-01-18,Customer c0065
c0066,user0066@cohort01.example,2026-01-01,Customer c0066
c0067,user0067@cohort01.example,2026-01-04,Customer c0067
c0068,user0068@cohort01.example,2026-01-18,Customer c0068
c0069,user0069@cohort01.example,2026-01-25,Customer c0069
c0070,user0070@cohort01.example,2026-01-04,Customer c0070
c0071,user0071@cohort01.example,2026-01-06,Customer c0071
c0072,user0072@cohort01.example,2026-01-24,Customer c0072
c0073,user0073@cohort01.example,2026-01-09,Customer c0073
c0074,user0074@cohort01.example,2026-01-25,Customer c0074
c0075,user0075@cohort01.example,2026-01-04,Customer c0075
c0076,user0076@cohort01.example,2026-01-10,Customer c0076
c0077,user0077@cohort01.example,2026-01-17,Customer c0077
c0078,user0078@cohort01.example,2026-01-05,Customer c0078
c0079,user0079@cohort01.example,2026-01-06,Customer c0079
c0080,user0080@cohort01.example,2026-01-25,Customer c0080
c0081,user0081@cohort02.example,2026-02-25,Customer c0081
c0082,user0082@cohort02.example,2026-02-01,Customer c0082
c0083,user0083@cohort02.example,2026-02-27,Customer c0083
c0084,user0084@cohort02.example,2026-02-02,Customer c0084
c0085,user0085@cohort02.example,2026-02-17,Customer c0085
c0086,user0086@cohort02.example,2026-02-18,Customer c0086
c0087,user0087@cohort02.example,2026-02-26,Customer c0087
c0088,user0088@cohort02.example,2026-02-18,Customer c0088
c0089,user0089@cohort02.example,2026-02-27,Customer c0089
c0090,user0090@cohort02.example,2026-02-11,Customer c0090
c0091,user0091@cohort02.example,2026-02-03,Customer c0091
c0092,user0092@cohort02.example,2026-02-28,Customer c0092
c0093,user0093@cohort02.example,2026-02-18,Customer c0093
c0094,user0094@cohort02.example,2026-02-09,Customer c0094
c0095,user0095@cohort02.example,2026-02-24,Customer c0095
c0096,user0096@cohort02.example,2026-02-16,Customer c0096
c0097,user0097@cohort02.example,2026-02-18,Customer c0097
c0098,user0098@cohort02.example,2026-02-15,Customer c0098
c0099,user0099@cohort02.example,2026-02-22,Customer c0099
c0100,user0100@cohort02.example,2026-02-07,Customer c0100
c0101,user0101@cohort02.example,2026-02-23,Customer c0101
c0102,user0102@cohort02.example,2026-02-16,Customer c0102
c0103,user0103@cohort02.example,2026-02-18,Customer c0103
c0104,user0104@cohort02.example,2026-02-14,Customer c0104
c0105,user0105@cohort02.example,2026-02-06,Customer c0105
c0106,user0106@cohort02.example,2026-02-15,Customer c0106
c0107,user0107@cohort02.example,2026-02-24,Customer c0107
c0108,user0108@cohort02.example,2026-02-22,Customer c0108
c0109,user0109@cohort02.example,2026-02-14,Customer c0109
c0110,user0110@cohort02.example,2026-02-18,Customer c0110
c0111,user0111@cohort02.example,2026-02-25,Customer c0111
c0112,user0112@cohort02.example,2026-02-10,Customer c0112
c0113,user0113@cohort02.example,2026-02-19,Customer c0113
c0114,user0114@cohort02.example,2026-02-24,Customer c0114
c0115,user0115@cohort02.example,2026-02-13,Customer c0115
c0116,user0116@cohort02.example,2026-02-25,Customer c0116
c0117,user0117@cohort02.example,2026-02-05,Customer c0117
c0118,user0118@cohort02.example,2026-02-25,Customer c0118
c0119,user0119@cohort02.example,2026-02-28,Customer c0119
c0120,user0120@cohort02.example,2026-02-11,Customer c0120
c0121,user0121@cohort02.example,2026-02-19,Customer c0121
c0122,user0122@cohort02.example,2026-02-22,Customer c0122
c0123,user0123@cohort02.example,2026-02-15,Customer c0123
c0124,user0124@cohort02.example,2026-02-24,Customer c0124
c0125,user0125@cohort02.example,2026-02-16,Customer c0125
c0126,user0126@cohort02.example,2026-02-01,Customer c0126
c0127,user0127@cohort02.example,2026-02-13,Customer c0127
c0128,user0128@cohort02.example,2026-02-07,Customer c0128
c0129,user0129@cohort02.example,2026-02-09,Customer c0129
c0130,user0130@cohort02.example,2026-02-25,Customer c0130
c0131,user0131@cohort02.example,2026-02-27,Customer c0131
c0132,user0132@cohort02.example,2026-02-09,Customer c0132
c0133,user0133@cohort02.example,2026-02-11,Customer c0133
c0134,user0134@cohort02.example,2026-02-01,Customer c0134
c0135,user0135@cohort02.example,2026-02-15,Customer c0135
c0136,user0136@cohort02.example,2026-02-16,Customer c0136
c0137,user0137@cohort02.example,2026-02-26,Customer c0137
c0138,user0138@cohort02.example,2026-02-12,Customer c0138
c0139,user0139@cohort02.example,2026-02-09,Customer c0139
c0140,user0140@cohort02.example,2026-02-16,Customer c0140
c0141,user0141@cohort02.example,2026-02-19,Customer c0141
c0142,user0142@cohort02.example,2026-02-08,Customer c0142
c0143,user0143@cohort02.example,2026-02-14,Customer c0143
c0144,user0144@cohort02.example,2026-02-26,Customer c0144
c0145,user0145@cohort02.example,2026-02-04,Customer c0145
c0146,user0146@cohort02.example,2026-02-21,Customer c0146
c0147,user0147@cohort02.example,2026-02-01,Customer c0147
c0148,user0148@cohort02.example,2026-02-20,Customer c0148
c0149,user0149@cohort02.example,2026-02-27,Customer c0149
c0150,user0150@cohort02.example,2026-02-28,Customer c0150
c0151,user0151@cohort02.example,2026-02-16,Customer c0151
c0152,user0152@cohort02.example,2026-02-05,Customer c0152
c0153,user0153@cohort02.example,2026-02-18,Customer c0153
c0154,user0154@cohort02.example,2026-02-07,Customer c0154
c0155,user0155@cohort02.example,2026-02-02,Customer c0155
c0156,user0156@cohort02.example,2026-02-15,Customer c0156
c0157,user0157@cohort02.example,2026-02-18,Customer c0157
c0158,user0158@cohort02.example,2026-02-04,Customer c0158
c0159,user0159@cohort02.example,2026-02-03,Customer c0159
c0160,user0160@cohort02.example,2026-02-28,Customer c0160
c0161,user0161@cohort02.example,2026-02-03,Customer c0161
c0162,user0162@cohort02.example,2026-02-17,Customer c0162
c0163,user0163@cohort02.example,2026-02-25,Customer c0163
c0164,user0164@cohort02.example,2026-02-12,Customer c0164
c0165,user0165@cohort02.example,2026-02-26,Customer c0165
c0166,user0166@cohort02.example,2026-02-16,Customer c0166
c0167,user0167@cohort02.example,2026-02-22,Customer c0167
c0168,user0168@cohort02.example,2026-02-18,Customer c0168
c0169,user0169@cohort03.example,2026-03-21,Customer c0169
c0170,user0170@cohort03.example,2026-03-15,Customer c0170
c0171,user0171@cohort03.example,2026-03-03,Customer c0171
c0172,user0172@cohort03.example,2026-03-25,Customer c0172
c0173,user0173@cohort03.example,2026-03-06,Customer c0173
c0174,user0174@cohort03.example,2026-03-22,Customer c0174
c0175,user0175@cohort03.example,2026-03-01,Customer c0175
c0176,user0176@cohort03.example,2026-03-06,Customer c0176
c0177,user0177@cohort03.example,2026-03-22,Customer c0177
c0178,user0178@cohort03.example,2026-03-27,Customer c0178
c0179,user0179@cohort03.example,2026-03-22,Customer c0179
c0180,user0180@cohort03.example,2026-03-12,Customer c0180
c0181,user0181@cohort03.example,2026-03-21,Customer c0181
c0182,user0182@cohort03.example,2026-03-07,Customer c0182
c0183,user0183@cohort03.example,2026-03-03,Customer c0183
c0184,user0184@cohort03.example,2026-03-16,Customer c0184
c0185,user0185@cohort03.example,2026-03-10,Customer c0185
c0186,user0186@cohort03.example,2026-03-13,Customer c0186
c0187,user0187@cohort03.example,2026-03-12,Customer c0187
c0188,user0188@cohort03.example,2026-03-26,Customer c0188
c0189,user0189@cohort03.example,2026-03-26,Customer c0189
c0190,user0190@cohort03.example,2026-03-27,Customer c0190
c0191,user0191@cohort03.example,2026-03-10,Customer c0191
c0192,user0192@cohort03.example,2026-03-02,Customer c0192
c0193,user0193@cohort03.example,2026-03-15,Customer c0193
c0194,user0194@cohort03.example,2026-03-20,Customer c0194
c0195,user0195@cohort03.example,2026-03-26,Customer c0195
c0196,user0196@cohort03.example,2026-03-20,Customer c0196
c0197,user0197@cohort03.example,2026-03-21,Customer c0197
c0198,user0198@cohort03.example,2026-03-12,Customer c0198
c0199,user0199@cohort03.example,2026-03-12,Customer c0199
c0200,user0200@cohort03.example,2026-03-01,Customer c0200
c0201,user0201@cohort03.example,2026-03-22,Customer c0201
c0202,user0202@cohort03.example,2026-03-25,Customer c0202
c0203,user0203@cohort03.example,2026-03-20,Customer c0203
c0204,user0204@cohort03.example,2026-03-18,Customer c0204
c0205,user0205@cohort03.example,2026-03-01,Customer c0205
c0206,user0206@cohort03.example,2026-03-28,Customer c0206
c0207,user0207@cohort03.example,2026-03-13,Customer c0207
c0208,user0208@cohort03.example,2026-03-06,Customer c0208
c0209,user0209@cohort03.example,2026-03-19,Customer c0209
c0210,user0210@cohort03.example,2026-03-10,Customer c0210
c0211,user0211@cohort03.example,2026-03-05,Customer c0211
c0212,user0212@cohort03.example,2026-03-27,Customer c0212
c0213,user0213@cohort03.example,2026-03-21,Customer c0213
c0214,user0214@cohort03.example,2026-03-03,Customer c0214
c0215,user0215@cohort03.example,2026-03-15,Customer c0215
c0216,user0216@cohort03.example,2026-03-16,Customer c0216
c0217,user0217@cohort03.example,2026-03-03,Customer c0217
c0218,user0218@cohort03.example,2026-03-13,Customer c0218
c0219,user0219@cohort03.example,2026-03-20,Customer c0219
c0220,user0220@cohort03.example,2026-03-27,Customer c0220
c0221,user0221@cohort03.example,2026-03-17,Customer c0221
c0222,user0222@cohort03.example,2026-03-03,Customer c0222
c0223,user0223@cohort03.example,2026-03-11,Customer c0223
c0224,user0224@cohort03.example,2026-03-21,Customer c0224
c0225,user0225@cohort03.example,2026-03-21,Customer c0225
c0226,user0226@cohort03.example,2026-03-07,Customer c0226
c0227,user0227@cohort03.example,2026-03-11,Customer c0227
c0228,user0228@cohort03.example,2026-03-15,Customer c0228
c0229,user0229@cohort03.example,2026-03-13,Customer c0229
c0230,user0230@cohort03.example,2026-03-05,Customer c0230
c0231,user0231@cohort03.example,2026-03-15,Customer c0231
c0232,user0232@cohort03.example,2026-03-26,Customer c0232
c0233,user0233@cohort03.example,2026-03-07,Customer c0233
c0234,user0234@cohort03.example,2026-03-12,Customer c0234
c0235,user0235@cohort03.example,2026-03-02,Customer c0235
c0236,user0236@cohort03.example,2026-03-07,Customer c0236
c0237,user0237@cohort03.example,2026-03-04,Customer c0237
c0238,user0238@cohort03.example,2026-03-11,Customer c0238
c0239,user0239@cohort03.example,2026-03-24,Customer c0239
c0240,user0240@cohort03.example,2026-03-15,Customer c0240
c0241,user0241@cohort03.example,2026-03-13,Customer c0241
c0242,user0242@cohort03.example,2026-03-08,Customer c0242
c0243,user0243@cohort03.example,2026-03-18,Customer c0243
c0244,user0244@cohort03.example,2026-03-10,Customer c0244
c0245,user0245@cohort03.example,2026-03-18,Customer c0245
c0246,user0246@cohort03.example,2026-03-14,Customer c0246
c0247,user0247@cohort03.example,2026-03-17,Customer c0247
c0248,user0248@cohort03.example,2026-03-11,Customer c0248
c0249,user0249@cohort03.example,2026-03-02,Customer c0249
c0250,user0250@cohort03.example,2026-03-21,Customer c0250
c0251,user0251@cohort03.example,2026-03-15,Customer c0251
c0252,user0252@cohort03.example,2026-03-19,Customer c0252
c0253,user0253@cohort03.example,2026-03-23,Customer c0253
c0254,user0254@cohort03.example,2026-03-22,Customer c0254
c0255,user0255@cohort03.example,2026-03-22,Customer c0255
c0256,user0256@cohort03.example,2026-03-24,Customer c0256
c0257,user0257@cohort03.example,2026-03-23,Customer c0257
c0258,user0258@cohort03.example,2026-03-20,Customer c0258
c0259,user0259@cohort03.example,2026-03-10,Customer c0259
c0260,user0260@cohort03.example,2026-03-20,Customer c0260
c0261,user0261@cohort03.example,2026-03-26,Customer c0261
c0262,user0262@cohort03.example,2026-03-18,Customer c0262
c0263,user0263@cohort03.example,2026-03-18,Customer c0263
c0264,user0264@cohort03.example,2026-03-02,Customer c0264
c0265,user0265@cohort03.example,2026-03-03,Customer c0265
c0266,user0266@cohort03.example,2026-03-01,Customer c0266
c0267,user0267@cohort03.example,2026-03-03,Customer c0267
c0268,user0268@cohort03.example,2026-03-14,Customer c0268
c0269,user0269@cohort03.example,2026-03-11,Customer c0269
c0270,user0270@cohort03.example,2026-03-10,Customer c0270
c0271,user0271@cohort03.example,2026-03-12,Customer c0271
c0272,user0272@cohort03.example,2026-03-20,Customer c0272
c0273,user0273@cohort03.example,2026-03-25,Customer c0273
c0274,user0274@cohort04.example,2026-04-08,Customer c0274
c0275,user0275@cohort04.example,2026-04-16,Customer c0275
c0276,user0276@cohort04.example,2026-04-10,Customer c0276
c0277,user0277@cohort04.example,2026-04-21,Customer c0277
c0278,user0278@cohort04.example,2026-04-19,Customer c0278
c0279,user0279@cohort04.example,2026-04-08,Customer c0279
c0280,user0280@cohort04.example,2026-04-22,Customer c0280
c0281,user0281@cohort04.example,2026-04-15,Customer c0281
c0282,user0282@cohort04.example,2026-04-24,Customer c0282
c0283,user0283@cohort04.example,2026-04-02,Customer c0283
c0284,user0284@cohort04.example,2026-04-15,Customer c0284
c0285,user0285@cohort04.example,2026-04-02,Customer c0285
c0286,user0286@cohort04.example,2026-04-22,Customer c0286
c0287,user0287@cohort04.example,2026-04-22,Customer c0287
c0288,user0288@cohort04.example,2026-04-24,Customer c0288
c0289,user0289@cohort04.example,2026-04-08,Customer c0289
c0290,user0290@cohort04.example,2026-04-24,Customer c0290
c0291,user0291@cohort04.example,2026-04-09,Customer c0291
c0292,user0292@cohort04.example,2026-04-22,Customer c0292
c0293,user0293@cohort04.example,2026-04-27,Customer c0293
c0294,user0294@cohort04.example,2026-04-16,Customer c0294
c0295,user0295@cohort04.example,2026-04-27,Customer c0295
c0296,user0296@cohort04.example,2026-04-21,Customer c0296
c0297,user0297@cohort04.example,2026-04-17,Customer c0297
c0298,user0298@cohort04.example,2026-04-04,Customer c0298
c0299,user0299@cohort04.example,2026-04-17,Customer c0299
c0300,user0300@cohort04.example,2026-04-17,Customer c0300
c0301,user0301@cohort04.example,2026-04-06,Customer c0301
c0302,user0302@cohort04.example,2026-04-01,Customer c0302
c0303,user0303@cohort04.example,2026-04-26,Customer c0303
c0304,user0304@cohort04.example,2026-04-26,Customer c0304
c0305,user0305@cohort04.example,2026-04-12,Customer c0305
c0306,user0306@cohort04.example,2026-04-09,Customer c0306
c0307,user0307@cohort04.example,2026-04-17,Customer c0307
c0308,user0308@cohort04.example,2026-04-01,Customer c0308
c0309,user0309@cohort04.example,2026-04-01,Customer c0309
c0310,user0310@cohort04.example,2026-04-16,Customer c0310
c0311,user0311@cohort04.example,2026-04-12,Customer c0311
c0312,user0312@cohort04.example,2026-04-23,Customer c0312
c0313,user0313@cohort04.example,2026-04-25,Customer c0313
c0314,user0314@cohort04.example,2026-04-25,Customer c0314
c0315,user0315@cohort04.example,2026-04-10,Customer c0315
c0316,user0316@cohort04.example,2026-04-23,Customer c0316
c0317,user0317@cohort04.example,2026-04-14,Customer c0317
c0318,user0318@cohort04.example,2026-04-18,Customer c0318
c0319,user0319@cohort04.example,2026-04-25,Customer c0319
c0320,user0320@cohort04.example,2026-04-23,Customer c0320
c0321,user0321@cohort04.example,2026-04-11,Customer c0321
c0322,user0322@cohort04.example,2026-04-11,Customer c0322
c0323,user0323@cohort04.example,2026-04-27,Customer c0323
c0324,user0324@cohort04.example,2026-04-02,Customer c0324
c0325,user0325@cohort04.example,2026-04-06,Customer c0325
c0326,user0326@cohort04.example,2026-04-01,Customer c0326
c0327,user0327@cohort04.example,2026-04-26,Customer c0327
c0328,user0328@cohort04.example,2026-04-19,Customer c0328
c0329,user0329@cohort04.example,2026-04-01,Customer c0329
c0330,user0330@cohort04.example,2026-04-21,Customer c0330
c0331,user0331@cohort04.example,2026-04-04,Customer c0331
c0332,user0332@cohort04.example,2026-04-22,Customer c0332
c0333,user0333@cohort04.example,2026-04-21,Customer c0333
c0334,user0334@cohort04.example,2026-04-22,Customer c0334
c0335,user0335@cohort04.example,2026-04-04,Customer c0335
c0336,user0336@cohort04.example,2026-04-07,Customer c0336
c0337,user0337@cohort04.example,2026-04-10,Customer c0337
c0338,user0338@cohort04.example,2026-04-27,Customer c0338
c0339,user0339@cohort04.example,2026-04-27,Customer c0339
c0340,user0340@cohort04.example,2026-04-11,Customer c0340
c0341,user0341@cohort04.example,2026-04-10,Customer c0341
c0342,user0342@cohort04.example,2026-04-14,Customer c0342
c0343,user0343@cohort04.example,2026-04-17,Customer c0343
c0344,user0344@cohort04.example,2026-04-14,Customer c0344
c0345,user0345@cohort04.example,2026-04-07,Customer c0345
c0346,user0346@cohort04.example,2026-04-06,Customer c0346
c0347,user0347@cohort04.example,2026-04-06,Customer c0347
c0348,user0348@cohort04.example,2026-04-06,Customer c0348
c0349,user0349@cohort04.example,2026-04-18,Customer c0349
c0350,user0350@cohort04.example,2026-04-09,Customer c0350
c0351,user0351@cohort04.example,2026-04-03,Customer c0351
c0352,user0352@cohort04.example,2026-04-07,Customer c0352
c0353,user0353@cohort04.example,2026-04-08,Customer c0353
c0354,user0354@cohort04.example,2026-04-27,Customer c0354
c0355,user0355@cohort04.example,2026-04-13,Customer c0355
c0356,user0356@cohort04.example,2026-04-28,Customer c0356
c0357,user0357@cohort04.example,2026-04-21,Customer c0357
c0358,user0358@cohort04.example,2026-04-08,Customer c0358
c0359,user0359@cohort04.example,2026-04-24,Customer c0359
c0360,user0360@cohort04.example,2026-04-03,Customer c0360
c0361,user0361@cohort04.example,2026-04-17,Customer c0361
c0362,user0362@cohort04.example,2026-04-07,Customer c0362
c0363,user0363@cohort04.example,2026-04-17,Customer c0363
c0364,user0364@cohort04.example,2026-04-10,Customer c0364
c0365,user0365@cohort04.example,2026-04-02,Customer c0365
c0366,user0366@cohort04.example,2026-04-19,Customer c0366
c0367,user0367@cohort04.example,2026-04-28,Customer c0367
c0368,user0368@cohort04.example,2026-04-28,Customer c0368
c0369,user0369@cohort04.example,2026-04-04,Customer c0369
c0370,user0370@cohort04.example,2026-04-20,Customer c0370
c0371,user0371@cohort04.example,2026-04-23,Customer c0371
c0372,user0372@cohort04.example,2026-04-23,Customer c0372
c0373,user0373@cohort04.example,2026-04-27,Customer c0373
c0374,user0374@cohort04.example,2026-04-15,Customer c0374
c0375,user0375@cohort04.example,2026-04-10,Customer c0375
c0376,user0376@cohort04.example,2026-04-02,Customer c0376
c0377,user0377@cohort04.example,2026-04-02,Customer c0377
c0378,user0378@cohort04.example,2026-04-23,Customer c0378
c0379,user0379@cohort04.example,2026-04-23,Customer c0379
c0380,user0380@cohort04.example,2026-04-09,Customer c0380
c0381,user0381@cohort04.example,2026-04-25,Customer c0381
c0382,user0382@cohort04.example,2026-04-05,Customer c0382
c0383,user0383@cohort04.example,2026-04-07,Customer c0383
c0384,user0384@cohort05.example,2026-05-07,Customer c0384
c0385,user0385@cohort05.example,2026-05-20,Customer c0385
c0386,user0386@cohort05.example,2026-05-25,Customer c0386
c0387,user0387@cohort05.example,2026-05-17,Customer c0387
c0388,user0388@cohort05.example,2026-05-28,Customer c0388
c0389,user0389@cohort05.example,2026-05-08,Customer c0389
c0390,user0390@cohort05.example,2026-05-08,Customer c0390
c0391,user0391@cohort05.example,2026-05-04,Customer c0391
c0392,user0392@cohort05.example,2026-05-12,Customer c0392
c0393,user0393@cohort05.example,2026-05-05,Customer c0393
c0394,user0394@cohort05.example,2026-05-23,Customer c0394
c0395,user0395@cohort05.example,2026-05-28,Customer c0395
c0396,user0396@cohort05.example,2026-05-12,Customer c0396
c0397,user0397@cohort05.example,2026-05-05,Customer c0397
c0398,user0398@cohort05.example,2026-05-05,Customer c0398
c0399,user0399@cohort05.example,2026-05-01,Customer c0399
c0400,user0400@cohort05.example,2026-05-17,Customer c0400
c0401,user0401@cohort05.example,2026-05-19,Customer c0401
c0402,user0402@cohort05.example,2026-05-19,Customer c0402
c0403,user0403@cohort05.example,2026-05-24,Customer c0403
c0404,user0404@cohort05.example,2026-05-08,Customer c0404
c0405,user0405@cohort05.example,2026-05-03,Customer c0405
c0406,user0406@cohort05.example,2026-05-23,Customer c0406
c0407,user0407@cohort05.example,2026-05-26,Customer c0407
c0408,user0408@cohort05.example,2026-05-21,Customer c0408
c0409,user0409@cohort05.example,2026-05-27,Customer c0409
c0410,user0410@cohort05.example,2026-05-26,Customer c0410
c0411,user0411@cohort05.example,2026-05-01,Customer c0411
c0412,user0412@cohort05.example,2026-05-10,Customer c0412
c0413,user0413@cohort05.example,2026-05-27,Customer c0413
c0414,user0414@cohort05.example,2026-05-12,Customer c0414
c0415,user0415@cohort05.example,2026-05-15,Customer c0415
c0416,user0416@cohort05.example,2026-05-02,Customer c0416
c0417,user0417@cohort05.example,2026-05-12,Customer c0417
c0418,user0418@cohort05.example,2026-05-02,Customer c0418
c0419,user0419@cohort05.example,2026-05-18,Customer c0419
c0420,user0420@cohort05.example,2026-05-25,Customer c0420
c0421,user0421@cohort05.example,2026-05-09,Customer c0421
c0422,user0422@cohort05.example,2026-05-19,Customer c0422
c0423,user0423@cohort05.example,2026-05-23,Customer c0423
c0424,user0424@cohort05.example,2026-05-11,Customer c0424
c0425,user0425@cohort05.example,2026-05-26,Customer c0425
c0426,user0426@cohort05.example,2026-05-14,Customer c0426
c0427,user0427@cohort05.example,2026-05-12,Customer c0427
c0428,user0428@cohort05.example,2026-05-15,Customer c0428
c0429,user0429@cohort05.example,2026-05-14,Customer c0429
c0430,user0430@cohort05.example,2026-05-09,Customer c0430
c0431,user0431@cohort05.example,2026-05-07,Customer c0431
c0432,user0432@cohort05.example,2026-05-25,Customer c0432
c0433,user0433@cohort05.example,2026-05-12,Customer c0433
c0434,user0434@cohort05.example,2026-05-25,Customer c0434
c0435,user0435@cohort05.example,2026-05-12,Customer c0435
c0436,user0436@cohort05.example,2026-05-07,Customer c0436
c0437,user0437@cohort05.example,2026-05-21,Customer c0437
c0438,user0438@cohort05.example,2026-05-20,Customer c0438
c0439,user0439@cohort05.example,2026-05-10,Customer c0439
c0440,user0440@cohort05.example,2026-05-15,Customer c0440
c0441,user0441@cohort05.example,2026-05-03,Customer c0441
c0442,user0442@cohort05.example,2026-05-19,Customer c0442
c0443,user0443@cohort05.example,2026-05-24,Customer c0443
c0444,user0444@cohort05.example,2026-05-05,Customer c0444
c0445,user0445@cohort05.example,2026-05-25,Customer c0445
c0446,user0446@cohort05.example,2026-05-24,Customer c0446
c0447,user0447@cohort05.example,2026-05-20,Customer c0447
c0448,user0448@cohort05.example,2026-05-03,Customer c0448
c0449,user0449@cohort05.example,2026-05-18,Customer c0449
c0450,user0450@cohort05.example,2026-05-04,Customer c0450
c0451,user0451@cohort05.example,2026-05-20,Customer c0451
c0452,user0452@cohort05.example,2026-05-12,Customer c0452
c0453,user0453@cohort05.example,2026-05-04,Customer c0453
c0454,user0454@cohort05.example,2026-05-03,Customer c0454
c0455,user0455@cohort05.example,2026-05-15,Customer c0455
c0456,user0456@cohort05.example,2026-05-19,Customer c0456
c0457,user0457@cohort05.example,2026-05-05,Customer c0457
c0458,user0458@cohort05.example,2026-05-06,Customer c0458
c0459,user0459@cohort05.example,2026-05-25,Customer c0459
c0460,user0460@cohort05.example,2026-05-18,Customer c0460
c0461,user0461@cohort05.example,2026-05-13,Customer c0461
c0462,user0462@cohort05.example,2026-05-15,Customer c0462
c0463,user0463@cohort05.example,2026-05-11,Customer c0463
c0464,user0464@cohort05.example,2026-05-18,Customer c0464
c0465,user0465@cohort05.example,2026-05-04,Customer c0465
c0466,user0466@cohort05.example,2026-05-11,Customer c0466
c0467,user0467@cohort05.example,2026-05-21,Customer c0467
c0468,user0468@cohort05.example,2026-05-20,Customer c0468
c0469,user0469@cohort05.example,2026-05-05,Customer c0469
c0470,user0470@cohort05.example,2026-05-21,Customer c0470
c0471,user0471@cohort05.example,2026-05-15,Customer c0471
c0472,user0472@cohort05.example,2026-05-08,Customer c0472
c0473,user0473@cohort05.example,2026-05-25,Customer c0473
c0474,user0474@cohort05.example,2026-05-05,Customer c0474
c0475,user0475@cohort05.example,2026-05-14,Customer c0475
c0476,user0476@cohort05.example,2026-05-17,Customer c0476
c0477,user0477@cohort05.example,2026-05-23,Customer c0477
c0478,user0478@cohort05.example,2026-05-16,Customer c0478
c0479,user0479@cohort05.example,2026-05-20,Customer c0479
c0480,user0480@cohort05.example,2026-05-08,Customer c0480
c0481,user0481@cohort05.example,2026-05-22,Customer c0481
c0482,user0482@cohort05.example,2026-05-09,Customer c0482
c0483,user0483@cohort05.example,2026-05-11,Customer c0483
c0484,user0484@cohort05.example,2026-05-16,Customer c0484
c0485,user0485@cohort05.example,2026-05-14,Customer c0485
c0486,user0486@cohort05.example,2026-05-11,Customer c0486
c0487,user0487@cohort05.example,2026-05-27,Customer c0487
c0488,user0488@cohort05.example,2026-05-21,Customer c0488
c0489,user0489@cohort05.example,2026-05-10,Customer c0489
c0490,user0490@cohort05.example,2026-05-21,Customer c0490
c0491,user0491@cohort05.example,2026-05-18,Customer c0491
c0492,user0492@cohort05.example,2026-05-01,Customer c0492
c0493,user0493@cohort05.example,2026-05-13,Customer c0493
c0494,user0494@cohort05.example,2026-05-18,Customer c0494
c0495,user0495@cohort05.example,2026-05-22,Customer c0495
c0496,user0496@cohort05.example,2026-05-20,Customer c0496
c0497,user0497@cohort05.example,2026-05-16,Customer c0497
c0498,user0498@cohort05.example,2026-05-25,Customer c0498
c0499,user0499@cohort06.example,2026-06-11,Customer c0499
c0500,user0500@cohort06.example,2026-06-25,Customer c0500
c0501,user0501@cohort06.example,2026-06-12,Customer c0501
c0502,user0502@cohort06.example,2026-06-05,Customer c0502
c0503,user0503@cohort06.example,2026-06-27,Customer c0503
c0504,user0504@cohort06.example,2026-06-09,Customer c0504
c0505,user0505@cohort06.example,2026-06-04,Customer c0505
c0506,user0506@cohort06.example,2026-06-13,Customer c0506
c0507,user0507@cohort06.example,2026-06-14,Customer c0507
c0508,user0508@cohort06.example,2026-06-20,Customer c0508
c0509,user0509@cohort06.example,2026-06-23,Customer c0509
c0510,user0510@cohort06.example,2026-06-21,Customer c0510
c0511,user0511@cohort06.example,2026-06-09,Customer c0511
c0512,user0512@cohort06.example,2026-06-04,Customer c0512
c0513,user0513@cohort06.example,2026-06-27,Customer c0513
c0514,user0514@cohort06.example,2026-06-21,Customer c0514
c0515,user0515@cohort06.example,2026-06-23,Customer c0515
c0516,user0516@cohort06.example,2026-06-04,Customer c0516
c0517,user0517@cohort06.example,2026-06-15,Customer c0517
c0518,user0518@cohort06.example,2026-06-26,Customer c0518
c0519,user0519@cohort06.example,2026-06-13,Customer c0519
c0520,user0520@cohort06.example,2026-06-28,Customer c0520
c0521,user0521@cohort06.example,2026-06-28,Customer c0521
c0522,user0522@cohort06.example,2026-06-12,Customer c0522
c0523,user0523@cohort06.example,2026-06-21,Customer c0523
c0524,user0524@cohort06.example,2026-06-01,Customer c0524
c0525,user0525@cohort06.example,2026-06-12,Customer c0525
c0526,user0526@cohort06.example,2026-06-19,Customer c0526
c0527,user0527@cohort06.example,2026-06-27,Customer c0527
c0528,user0528@cohort06.example,2026-06-26,Customer c0528
c0529,user0529@cohort06.example,2026-06-15,Customer c0529
c0530,user0530@cohort06.example,2026-06-25,Customer c0530
c0531,user0531@cohort06.example,2026-06-17,Customer c0531
c0532,user0532@cohort06.example,2026-06-26,Customer c0532
c0533,user0533@cohort06.example,2026-06-05,Customer c0533
c0534,user0534@cohort06.example,2026-06-24,Customer c0534
c0535,user0535@cohort06.example,2026-06-22,Customer c0535
c0536,user0536@cohort06.example,2026-06-10,Customer c0536
c0537,user0537@cohort06.example,2026-06-06,Customer c0537
c0538,user0538@cohort06.example,2026-06-23,Customer c0538
c0539,user0539@cohort06.example,2026-06-10,Customer c0539
c0540,user0540@cohort06.example,2026-06-16,Customer c0540
c0541,user0541@cohort06.example,2026-06-10,Customer c0541
c0542,user0542@cohort06.example,2026-06-09,Customer c0542
c0543,user0543@cohort06.example,2026-06-15,Customer c0543
c0544,user0544@cohort06.example,2026-06-05,Customer c0544
c0545,user0545@cohort06.example,2026-06-05,Customer c0545
c0546,user0546@cohort06.example,2026-06-27,Customer c0546
c0547,user0547@cohort06.example,2026-06-04,Customer c0547
c0548,user0548@cohort06.example,2026-06-13,Customer c0548
c0549,user0549@cohort06.example,2026-06-03,Customer c0549
c0550,user0550@cohort06.example,2026-06-14,Customer c0550
c0551,user0551@cohort06.example,2026-06-05,Customer c0551
c0552,user0552@cohort06.example,2026-06-14,Customer c0552
c0553,user0553@cohort06.example,2026-06-20,Customer c0553
c0554,user0554@cohort06.example,2026-06-10,Customer c0554
c0555,user0555@cohort06.example,2026-06-23,Customer c0555
c0556,user0556@cohort06.example,2026-06-27,Customer c0556
c0557,user0557@cohort06.example,2026-06-23,Customer c0557
c0558,user0558@cohort06.example,2026-06-15,Customer c0558
c0559,user0559@cohort06.example,2026-06-16,Customer c0559
c0560,user0560@cohort06.example,2026-06-15,Customer c0560
c0561,user0561@cohort06.example,2026-06-22,Customer c0561
c0562,user0562@cohort06.example,2026-06-18,Customer c0562
c0563,user0563@cohort06.example,2026-06-06,Customer c0563
c0564,user0564@cohort06.example,2026-06-04,Customer c0564
c0565,user0565@cohort06.example,2026-06-18,Customer c0565
c0566,user0566@cohort06.example,2026-06-26,Customer c0566
c0567,user0567@cohort06.example,2026-06-06,Customer c0567
c0568,user0568@cohort06.example,2026-06-21,Customer c0568
c0569,user0569@cohort06.example,2026-06-22,Customer c0569
c0570,user0570@cohort06.example,2026-06-16,Customer c0570
c0571,user0571@cohort06.example,2026-06-19,Customer c0571
c0572,user0572@cohort06.example,2026-06-23,Customer c0572
c0573,user0573@cohort06.example,2026-06-03,Customer c0573
c0574,user0574@cohort06.example,2026-06-24,Customer c0574
c0575,user0575@cohort06.example,2026-06-27,Customer c0575
c0576,user0576@cohort06.example,2026-06-20,Customer c0576
c0577,user0577@cohort06.example,2026-06-16,Customer c0577
c0578,user0578@cohort06.example,2026-06-16,Customer c0578
c0579,user0579@cohort06.example,2026-06-21,Customer c0579
c0580,user0580@cohort06.example,2026-06-20,Customer c0580
c0581,user0581@cohort06.example,2026-06-11,Customer c0581
c0582,user0582@cohort06.example,2026-06-25,Customer c0582
c0583,user0583@cohort06.example,2026-06-27,Customer c0583
c0584,user0584@cohort06.example,2026-06-17,Customer c0584
c0585,user0585@cohort06.example,2026-06-12,Customer c0585
c0586,user0586@cohort06.example,2026-06-02,Customer c0586
c0587,user0587@cohort06.example,2026-06-02,Customer c0587
c0588,user0588@cohort06.example,2026-06-04,Customer c0588
c0589,user0589@cohort06.example,2026-06-06,Customer c0589
c0590,user0590@cohort06.example,2026-06-01,Customer c0590
c0591,user0591@cohort06.example,2026-06-27,Customer c0591
c0592,user0592@cohort06.example,2026-06-21,Customer c0592
c0593,user0593@cohort06.example,2026-06-16,Customer c0593
c0594,user0594@cohort06.example,2026-06-23,Customer c0594
c0595,user0595@cohort06.example,2026-06-12,Customer c0595
c0596,user0596@cohort06.example,2026-06-19,Customer c0596
c0597,user0597@cohort06.example,2026-06-23,Customer c0597
c0598,user0598@cohort06.example,2026-06-04,Customer c0598
c0599,user0599@cohort06.example,2026-06-17,Customer c0599
c0600,user0600@cohort06.example,2026-06-10,Customer c0600
c0601,user0601@cohort06.example,2026-06-28,Customer c0601
c0602,user0602@cohort06.example,2026-06-07,Customer c0602
c0603,user0603@cohort06.example,2026-06-22,Customer c0603
c0604,user0604@cohort06.example,2026-06-23,Customer c0604
c0605,user0605@cohort06.example,2026-06-02,Customer c0605
c0606,user0606@cohort06.example,2026-06-05,Customer c0606
c0607,user0607@cohort06.example,2026-06-10,Customer c0607
c0608,user0608@cohort06.example,2026-06-07,Customer c0608
c0609,user0609@cohort06.example,2026-06-18,Customer c0609
c0610,user0610@cohort06.example,2026-06-10,Customer c0610
c0611,user0611@cohort06.example,2026-06-28,Customer c0611
c0612,user0612@cohort06.example,2026-06-02,Customer c0612
c0613,user0613@cohort06.example,2026-06-17,Customer c0613
c0614,user0614@cohort06.example,2026-06-18,Customer c0614
c0615,user0615@cohort06.example,2026-06-14,Customer c0615
c0616,user0616@cohort06.example,2026-06-07,Customer c0616
c0617,user0617@cohort06.example,2026-06-11,Customer c0617
c0618,user0618@cohort06.example,2026-06-03,Customer c0618
c0619,user0619@cohort06.example,2026-06-06,Customer c0619
c0620,user0620@cohort06.example,2026-06-24,Customer c0620
c0621,user0621@cohort06.example,2026-06-04,Customer c0621
c0622,user0622@cohort06.example,2026-06-03,Customer c0622
c0623,user0623@cohort06.example,2026-06-02,Customer c0623
c0624,user0624@cohort06.example,2026-06-28,Customer c0624
c0625,user0625@cohort06.example,2026-06-10,Customer c0625
c0626,user0626@cohort06.example,2026-06-24,Customer c0626
c0627,user0627@cohort07.example,2026-07-28,Customer c0627
c0628,user0628@cohort07.example,2026-07-19,Customer c0628
c0629,user0629@cohort07.example,2026-07-12,Customer c0629
c0630,user0630@cohort07.example,2026-07-07,Customer c0630
c0631,user0631@cohort07.example,2026-07-23,Customer c0631
c0632,user0632@cohort07.example,2026-07-27,Customer c0632
c0633,user0633@cohort07.example,2026-07-08,Customer c0633
c0634,user0634@cohort07.example,2026-07-19,Customer c0634
c0635,user0635@cohort07.example,2026-07-27,Customer c0635
c0636,user0636@cohort07.example,2026-07-23,Customer c0636
c0637,user0637@cohort07.example,2026-07-01,Customer c0637
c0638,user0638@cohort07.example,2026-07-23,Customer c0638
c0639,user0639@cohort07.example,2026-07-15,Customer c0639
c0640,user0640@cohort07.example,2026-07-21,Customer c0640
c0641,user0641@cohort07.example,2026-07-14,Customer c0641
c0642,user0642@cohort07.example,2026-07-17,Customer c0642
c0643,user0643@cohort07.example,2026-07-04,Customer c0643
c0644,user0644@cohort07.example,2026-07-17,Customer c0644
c0645,user0645@cohort07.example,2026-07-02,Customer c0645
c0646,user0646@cohort07.example,2026-07-24,Customer c0646
c0647,user0647@cohort07.example,2026-07-20,Customer c0647
c0648,user0648@cohort07.example,2026-07-02,Customer c0648
c0649,user0649@cohort07.example,2026-07-12,Customer c0649
c0650,user0650@cohort07.example,2026-07-14,Customer c0650
c0651,user0651@cohort07.example,2026-07-17,Customer c0651
c0652,user0652@cohort07.example,2026-07-08,Customer c0652
c0653,user0653@cohort07.example,2026-07-08,Customer c0653
c0654,user0654@cohort07.example,2026-07-21,Customer c0654
c0655,user0655@cohort07.example,2026-07-10,Customer c0655
c0656,user0656@cohort07.example,2026-07-17,Customer c0656
c0657,user0657@cohort07.example,2026-07-21,Customer c0657
c0658,user0658@cohort07.example,2026-07-24,Customer c0658
c0659,user0659@cohort07.example,2026-07-05,Customer c0659
c0660,user0660@cohort07.example,2026-07-26,Customer c0660
c0661,user0661@cohort07.example,2026-07-10,Customer c0661
c0662,user0662@cohort07.example,2026-07-24,Customer c0662
c0663,user0663@cohort07.example,2026-07-01,Customer c0663
c0664,user0664@cohort07.example,2026-07-28,Customer c0664
c0665,user0665@cohort07.example,2026-07-08,Customer c0665
c0666,user0666@cohort07.example,2026-07-11,Customer c0666
c0667,user0667@cohort07.example,2026-07-14,Customer c0667
c0668,user0668@cohort07.example,2026-07-15,Customer c0668
c0669,user0669@cohort07.example,2026-07-18,Customer c0669
c0670,user0670@cohort07.example,2026-07-25,Customer c0670
c0671,user0671@cohort07.example,2026-07-19,Customer c0671
c0672,user0672@cohort07.example,2026-07-27,Customer c0672
c0673,user0673@cohort07.example,2026-07-26,Customer c0673
c0674,user0674@cohort07.example,2026-07-18,Customer c0674
c0675,user0675@cohort07.example,2026-07-27,Customer c0675
c0676,user0676@cohort07.example,2026-07-07,Customer c0676
c0677,user0677@cohort07.example,2026-07-14,Customer c0677
c0678,user0678@cohort07.example,2026-07-09,Customer c0678
c0679,user0679@cohort07.example,2026-07-26,Customer c0679
c0680,user0680@cohort07.example,2026-07-12,Customer c0680
c0681,user0681@cohort07.example,2026-07-27,Customer c0681
c0682,user0682@cohort07.example,2026-07-12,Customer c0682
c0683,user0683@cohort07.example,2026-07-21,Customer c0683
c0684,user0684@cohort07.example,2026-07-07,Customer c0684
c0685,user0685@cohort07.example,2026-07-20,Customer c0685
c0686,user0686@cohort07.example,2026-07-23,Customer c0686
c0687,user0687@cohort07.example,2026-07-05,Customer c0687
c0688,user0688@cohort07.example,2026-07-06,Customer c0688
c0689,user0689@cohort07.example,2026-07-27,Customer c0689
c0690,user0690@cohort07.example,2026-07-10,Customer c0690
c0691,user0691@cohort07.example,2026-07-24,Customer c0691
c0692,user0692@cohort07.example,2026-07-02,Customer c0692
c0693,user0693@cohort07.example,2026-07-18,Customer c0693
c0694,user0694@cohort07.example,2026-07-08,Customer c0694
c0695,user0695@cohort07.example,2026-07-04,Customer c0695
c0696,user0696@cohort07.example,2026-07-17,Customer c0696
c0697,user0697@cohort07.example,2026-07-19,Customer c0697
c0698,user0698@cohort07.example,2026-07-24,Customer c0698
c0699,user0699@cohort07.example,2026-07-15,Customer c0699
c0700,user0700@cohort07.example,2026-07-15,Customer c0700
c0701,user0701@cohort07.example,2026-07-11,Customer c0701
c0702,user0702@cohort07.example,2026-07-07,Customer c0702
c0703,user0703@cohort07.example,2026-07-23,Customer c0703
c0704,user0704@cohort07.example,2026-07-15,Customer c0704
c0705,user0705@cohort07.example,2026-07-26,Customer c0705
c0706,user0706@cohort07.example,2026-07-02,Customer c0706
c0707,user0707@cohort07.example,2026-07-21,Customer c0707
c0708,user0708@cohort07.example,2026-07-26,Customer c0708
c0709,user0709@cohort07.example,2026-07-10,Customer c0709
c0710,user0710@cohort07.example,2026-07-09,Customer c0710
c0711,user0711@cohort07.example,2026-07-04,Customer c0711
c0712,user0712@cohort07.example,2026-07-20,Customer c0712
c0713,user0713@cohort07.example,2026-07-28,Customer c0713
c0714,user0714@cohort07.example,2026-07-28,Customer c0714
c0715,user0715@cohort07.example,2026-07-01,Customer c0715
c0716,user0716@cohort07.example,2026-07-08,Customer c0716
c0717,user0717@cohort07.example,2026-07-16,Customer c0717
c0718,user0718@cohort07.example,2026-07-28,Customer c0718
c0719,user0719@cohort07.example,2026-07-23,Customer c0719
c0720,user0720@cohort07.example,2026-07-17,Customer c0720
c0721,user0721@cohort07.example,2026-07-27,Customer c0721
c0722,user0722@cohort07.example,2026-07-03,Customer c0722
c0723,user0723@cohort07.example,2026-07-05,Customer c0723
c0724,user0724@cohort07.example,2026-07-05,Customer c0724
c0725,user0725@cohort07.example,2026-07-24,Customer c0725
c0726,user0726@cohort07.example,2026-07-02,Customer c0726
c0727,user0727@cohort07.example,2026-07-06,Customer c0727
c0728,user0728@cohort07.example,2026-07-03,Customer c0728
c0729,user0729@cohort07.example,2026-07-15,Customer c0729
c0730,user0730@cohort07.example,2026-07-12,Customer c0730
c0731,user0731@cohort07.example,2026-07-01,Customer c0731
c0732,user0732@cohort07.example,2026-07-04,Customer c0732
c0733,user0733@cohort07.example,2026-07-02,Customer c0733
c0734,user0734@cohort07.example,2026-07-13,Customer c0734
c0735,user0735@cohort07.example,2026-07-27,Customer c0735
c0736,user0736@cohort07.example,2026-07-23,Customer c0736
c0737,user0737@cohort07.example,2026-07-13,Customer c0737
c0738,user0738@cohort07.example,2026-07-22,Customer c0738
c0739,user0739@cohort07.example,2026-07-13,Customer c0739
c0740,user0740@cohort07.example,2026-07-16,Customer c0740
c0741,user0741@cohort07.example,2026-07-03,Customer c0741
c0742,user0742@cohort07.example,2026-07-08,Customer c0742
c0743,user0743@cohort07.example,2026-07-22,Customer c0743
c0744,user0744@cohort07.example,2026-07-16,Customer c0744
c0745,user0745@cohort07.example,2026-07-04,Customer c0745
c0746,user0746@cohort07.example,2026-07-08,Customer c0746
c0747,user0747@cohort07.example,2026-07-26,Customer c0747
c0748,user0748@cohort07.example,2026-07-10,Customer c0748
c0749,user0749@cohort07.example,2026-07-02,Customer c0749
c0750,user0750@cohort07.example,2026-07-18,Customer c0750
c0751,user0751@cohort07.example,2026-07-28,Customer c0751
c0752,user0752@cohort07.example,2026-07-02,Customer c0752
c0753,user0753@cohort07.example,2026-07-23,Customer c0753
c0754,user0754@cohort07.example,2026-07-13,Customer c0754
c0755,user0755@cohort07.example,2026-07-27,Customer c0755
c0756,user0756@cohort07.example,2026-07-06,Customer c0756
c0757,user0757@cohort07.example,2026-07-10,Customer c0757
c0758,user0758@cohort07.example,2026-07-26,Customer c0758
c0759,user0759@cohort07.example,2026-07-11,Customer c0759
c0760,user0760@cohort07.example,2026-07-04,Customer c0760
c0761,user0761@cohort07.example,2026-07-03,Customer c0761
c0762,user0762@cohort07.example,2026-07-07,Customer c0762
c0763,user0763@cohort07.example,2026-07-18,Customer c0763
c0764,user0764@cohort08.example,2026-08-12,Customer c0764
c0765,user0765@cohort08.example,2026-08-06,Customer c0765
c0766,user0766@cohort08.example,2026-08-23,Customer c0766
c0767,user0767@cohort08.example,2026-08-15,Customer c0767
c0768,user0768@cohort08.example,2026-08-13,Customer c0768
c0769,user0769@cohort08.example,2026-08-24,Customer c0769
c0770,user0770@cohort08.example,2026-08-09,Customer c0770
c0771,user0771@cohort08.example,2026-08-01,Customer c0771
c0772,user0772@cohort08.example,2026-08-08,Customer c0772
c0773,user0773@cohort08.example,2026-08-03,Customer c0773
c0774,user0774@cohort08.example,2026-08-19,Customer c0774
c0775,user0775@cohort08.example,2026-08-04,Customer c0775
c0776,user0776@cohort08.example,2026-08-02,Customer c0776
c0777,user0777@cohort08.example,2026-08-23,Customer c0777
c0778,user0778@cohort08.example,2026-08-06,Customer c0778
c0779,user0779@cohort08.example,2026-08-10,Customer c0779
c0780,user0780@cohort08.example,2026-08-10,Customer c0780
c0781,user0781@cohort08.example,2026-08-20,Customer c0781
c0782,user0782@cohort08.example,2026-08-08,Customer c0782
c0783,user0783@cohort08.example,2026-08-13,Customer c0783
c0784,user0784@cohort08.example,2026-08-23,Customer c0784
c0785,user0785@cohort08.example,2026-08-06,Customer c0785
c0786,user0786@cohort08.example,2026-08-27,Customer c0786
c0787,user0787@cohort08.example,2026-08-10,Customer c0787
c0788,user0788@cohort08.example,2026-08-19,Customer c0788
c0789,user0789@cohort08.example,2026-08-27,Customer c0789
c0790,user0790@cohort08.example,2026-08-09,Customer c0790
c0791,user0791@cohort08.example,2026-08-27,Customer c0791
c0792,user0792@cohort08.example,2026-08-04,Customer c0792
c0793,user0793@cohort08.example,2026-08-14,Customer c0793
c0794,user0794@cohort08.example,2026-08-23,Customer c0794
c0795,user0795@cohort08.example,2026-08-11,Customer c0795
c0796,user0796@cohort08.example,2026-08-11,Customer c0796
c0797,user0797@cohort08.example,2026-08-18,Customer c0797
c0798,user0798@cohort08.example,2026-08-17,Customer c0798
c0799,user0799@cohort08.example,2026-08-03,Customer c0799
c0800,user0800@cohort08.example,2026-08-09,Customer c0800
c0801,user0801@cohort08.example,2026-08-12,Customer c0801
c0802,user0802@cohort08.example,2026-08-17,Customer c0802
c0803,user0803@cohort08.example,2026-08-17,Customer c0803
c0804,user0804@cohort08.example,2026-08-24,Customer c0804
c0805,user0805@cohort08.example,2026-08-02,Customer c0805
c0806,user0806@cohort08.example,2026-08-05,Customer c0806
c0807,user0807@cohort08.example,2026-08-04,Customer c0807
c0808,user0808@cohort08.example,2026-08-01,Customer c0808
c0809,user0809@cohort08.example,2026-08-16,Customer c0809
c0810,user0810@cohort08.example,2026-08-26,Customer c0810
c0811,user0811@cohort08.example,2026-08-27,Customer c0811
c0812,user0812@cohort08.example,2026-08-07,Customer c0812
c0813,user0813@cohort08.example,2026-08-14,Customer c0813
c0814,user0814@cohort08.example,2026-08-25,Customer c0814
c0815,user0815@cohort08.example,2026-08-06,Customer c0815
c0816,user0816@cohort08.example,2026-08-02,Customer c0816
c0817,user0817@cohort08.example,2026-08-08,Customer c0817
c0818,user0818@cohort08.example,2026-08-22,Customer c0818
c0819,user0819@cohort08.example,2026-08-03,Customer c0819
c0820,user0820@cohort08.example,2026-08-17,Customer c0820
c0821,user0821@cohort08.example,2026-08-16,Customer c0821
c0822,user0822@cohort08.example,2026-08-18,Customer c0822
c0823,user0823@cohort08.example,2026-08-27,Customer c0823
c0824,user0824@cohort08.example,2026-08-05,Customer c0824
c0825,user0825@cohort08.example,2026-08-19,Customer c0825
c0826,user0826@cohort08.example,2026-08-19,Customer c0826
c0827,user0827@cohort08.example,2026-08-06,Customer c0827
c0828,user0828@cohort08.example,2026-08-04,Customer c0828
c0829,user0829@cohort08.example,2026-08-27,Customer c0829
c0830,user0830@cohort08.example,2026-08-25,Customer c0830
c0831,user0831@cohort08.example,2026-08-24,Customer c0831
c0832,user0832@cohort08.example,2026-08-13,Customer c0832
c0833,user0833@cohort08.example,2026-08-23,Customer c0833
c0834,user0834@cohort08.example,2026-08-04,Customer c0834
c0835,user0835@cohort08.example,2026-08-10,Customer c0835
c0836,user0836@cohort08.example,2026-08-12,Customer c0836
c0837,user0837@cohort08.example,2026-08-19,Customer c0837
c0838,user0838@cohort08.example,2026-08-01,Customer c0838
c0839,user0839@cohort08.example,2026-08-26,Customer c0839
c0840,user0840@cohort08.example,2026-08-11,Customer c0840
c0841,user0841@cohort08.example,2026-08-27,Customer c0841
c0842,user0842@cohort08.example,2026-08-09,Customer c0842
c0843,user0843@cohort08.example,2026-08-16,Customer c0843
c0844,user0844@cohort08.example,2026-08-12,Customer c0844
c0845,user0845@cohort08.example,2026-08-24,Customer c0845
c0846,user0846@cohort08.example,2026-08-21,Customer c0846
c0847,user0847@cohort08.example,2026-08-05,Customer c0847
c0848,user0848@cohort08.example,2026-08-24,Customer c0848
c0849,user0849@cohort08.example,2026-08-24,Customer c0849
c0850,user0850@cohort08.example,2026-08-02,Customer c0850
c0851,user0851@cohort08.example,2026-08-26,Customer c0851
c0852,user0852@cohort08.example,2026-08-12,Customer c0852
c0853,user0853@cohort08.example,2026-08-01,Customer c0853
c0854,user0854@cohort08.example,2026-08-18,Customer c0854
c0855,user0855@cohort08.example,2026-08-16,Customer c0855
c0856,user0856@cohort08.example,2026-08-01,Customer c0856
c0857,user0857@cohort08.example,2026-08-27,Customer c0857
c0858,user0858@cohort08.example,2026-08-16,Customer c0858
c0859,user0859@cohort08.example,2026-08-01,Customer c0859
c0860,user0860@cohort08.example,2026-08-20,Customer c0860
c0861,user0861@cohort08.example,2026-08-25,Customer c0861
c0862,user0862@cohort08.example,2026-08-23,Customer c0862
c0863,user0863@cohort08.example,2026-08-19,Customer c0863
c0864,user0864@cohort08.example,2026-08-12,Customer c0864
c0865,user0865@cohort08.example,2026-08-04,Customer c0865
c0866,user0866@cohort08.example,2026-08-18,Customer c0866
c0867,user0867@cohort08.example,2026-08-20,Customer c0867
c0868,user0868@cohort08.example,2026-08-26,Customer c0868
c0869,user0869@cohort08.example,2026-08-02,Customer c0869
c0870,user0870@cohort08.example,2026-08-03,Customer c0870
c0871,user0871@cohort08.example,2026-08-06,Customer c0871
c0872,user0872@cohort08.example,2026-08-20,Customer c0872
c0873,user0873@cohort08.example,2026-08-09,Customer c0873
c0874,user0874@cohort08.example,2026-08-04,Customer c0874
c0875,user0875@cohort08.example,2026-08-20,Customer c0875
c0876,user0876@cohort08.example,2026-08-22,Customer c0876
c0877,user0877@cohort08.example,2026-08-19,Customer c0877
c0878,user0878@cohort08.example,2026-08-05,Customer c0878
c0879,user0879@cohort08.example,2026-08-19,Customer c0879
c0880,user0880@cohort08.example,2026-08-16,Customer c0880
c0881,user0881@cohort08.example,2026-08-11,Customer c0881
c0882,user0882@cohort08.example,2026-08-17,Customer c0882
c0883,user0883@cohort08.example,2026-08-08,Customer c0883
c0884,user0884@cohort08.example,2026-08-12,Customer c0884
c0885,user0885@cohort08.example,2026-08-26,Customer c0885
c0886,user0886@cohort08.example,2026-08-06,Customer c0886
c0887,user0887@cohort08.example,2026-08-16,Customer c0887
c0888,user0888@cohort08.example,2026-08-15,Customer c0888
c0889,user0889@cohort08.example,2026-08-15,Customer c0889
c0890,user0890@cohort08.example,2026-08-26,Customer c0890
c0891,user0891@cohort08.example,2026-08-05,Customer c0891
c0892,user0892@cohort08.example,2026-08-16,Customer c0892
c0893,user0893@cohort08.example,2026-08-12,Customer c0893
c0894,user0894@cohort08.example,2026-08-13,Customer c0894
c0895,user0895@cohort08.example,2026-08-12,Customer c0895
c0896,user0896@cohort08.example,2026-08-10,Customer c0896
c0897,user0897@cohort08.example,2026-08-26,Customer c0897
c0898,user0898@cohort08.example,2026-08-27,Customer c0898
c0899,user0899@cohort08.example,2026-08-08,Customer c0899
c0900,user0900@cohort08.example,2026-08-15,Customer c0900
c0901,user0901@cohort08.example,2026-08-20,Customer c0901
c0902,user0902@cohort08.example,2026-08-04,Customer c0902
c0903,user0903@cohort08.example,2026-08-12,Customer c0903
c0904,user0904@cohort08.example,2026-08-20,Customer c0904
c0905,user0905@cohort08.example,2026-08-12,Customer c0905
c0906,user0906@cohort08.example,2026-08-09,Customer c0906
c0907,user0907@cohort08.example,2026-08-04,Customer c0907
c0908,user0908@cohort08.example,2026-08-22,Customer c0908
c0909,user0909@cohort08.example,2026-08-24,Customer c0909
c0910,user0910@cohort08.example,2026-08-27,Customer c0910
c0911,user0911@cohort08.example,2026-08-15,Customer c0911
c0912,user0912@cohort08.example,2026-08-14,Customer c0912
c0913,user0913@cohort08.example,2026-08-15,Customer c0913
c0914,user0914@cohort08.example,2026-08-13,Customer c0914
